{
	"active_flag": 1,
	"map_bounds_sw": "32.59274,-85.5045",
	"title": null,
	"lots": [{
		"status": 1,
		"landmarks": [{
			"coords": "32.6039614308,-85.4919362068",
			"name": "bikeshare",
			"lot": "au-westvillage",
			"title": "village dining",
			"url": "https://app.socialbicycles.com/api/hubs/1312.json",
			"api_id": 1312,
			"id": 10,
			"auth": "5db9a1bc0d7d55678f19fc10a01d704633cbec44e95a13b3de7483f6776a094e"
		}, {
			"coords": "32.60473,-85.49375",
			"name": "bus_stop",
			"lot": "au-westvillage",
			"title": null,
			"url": "https://feeds.transloc.com/3/arrivals?agencies=28&stop_id=8048048",
			"api_id": 8048048,
			"id": 9,
			"auth": null
		}],
		"occupancy": {
			"all": [0.26268115942028986, 145, 552, 0],
			"pc-4": [0.26268115942028986, 145, 552, 0]
		},
		"title": "West Village",
		"lot_name": "au-westvillage",
		"client_name": "auburn",
		"sunrise_time": "11:05:28",
		"min_event_stay": 120,
		"api_id": 6,
		"sunset_time": "00:27:35",
		"weather_location_key": "326707",
		"weather": "partly cloudy",
		"entrance_coords": "32.6055248,-85.4950101",
		"indoor_flag": 0,
		"solar": null,
		"overlay_url": "https://storage.googleapis.com/fopark-lot-overlays/au-westvillage.png\t",
		"site": {
			"site_name": "au-westvillage",
			"title": "West Village",
			"client_name": "auburn",
			"alt_id": null,
			"client_id": 2,
			"id": 7
		},
		"hybrid_flag": 0,
		"id": 11,
		"overlay_coords_ne": "32.606324,-85.490551",
		"overlay_coords_sw": "32.604884,-85.495396"
	}, {
		"status": 1,
		"landmarks": [{
			"coords": "32.59585,-85.48587",
			"name": "bus_stop",
			"lot": "au-poultry-front",
			"title": null,
			"url": "https://feeds.transloc.com/3/arrivals?agencies=28&stop_id=8048024",
			"api_id": 8048024,
			"id": 2,
			"auth": null
		}, {
			"coords": "32.5937466273,-85.4870116711",
			"name": "bikeshare",
			"lot": "au-poultry-front",
			"title": "south quad",
			"url": "https://app.socialbicycles.com/api/hubs/1313.json",
			"api_id": 1313,
			"id": 3,
			"auth": "5db9a1bc0d7d55678f19fc10a01d704633cbec44e95a13b3de7483f6776a094e"
		}],
		"occupancy": {
			"a": [0.1111111111111111, 3, 27, 0],
			"all": [0.10144927536231885, 7, 69, 0],
			"b": [0.10526315789473684, 4, 38, 0],
			"temp": [0.0, 0, 1, 0],
			"ada": [0.0, 0, 3, 0]
		},
		"title": "Poultry Science Front",
		"lot_name": "au-poultry-front",
		"client_name": "auburn",
		"sunrise_time": "11:05:26",
		"min_event_stay": 120,
		"api_id": 14,
		"sunset_time": "00:27:31",
		"weather_location_key": "326707",
		"weather": "partly cloudy",
		"entrance_coords": "32.59453,-85.48485",
		"indoor_flag": 0,
		"solar": "",
		"overlay_url": "https://storage.googleapis.com/fopark-lot-overlays/poultry-front.png",
		"site": {
			"site_name": "au-poultry-rear",
			"title": "Poultry Science",
			"client_name": "auburn",
			"alt_id": null,
			"client_id": 2,
			"id": 2
		},
		"hybrid_flag": 0,
		"id": 2,
		"overlay_coords_ne": "32.5957090128053,-85.4842924920976",
		"overlay_coords_sw": "32.5944359179616,-85.4864150228335"
	}, {
		"status": 1,
		"landmarks": [{
			"coords": "32.60258,-85.49184",
			"name": "bus_stop",
			"lot": "au-arena",
			"title": "Auburn Arena",
			"url": "https://feeds.transloc.com/3/arrivals?agencies=28&stop_id=8048028",
			"api_id": 8048028,
			"id": 21,
			"auth": null
		}, {
			"coords": "32.6012409112,-85.4923814535",
			"name": "bikeshare",
			"lot": "au-arena",
			"title": "fitness and wellness center hub",
			"url": "https://app.socialbicycles.com/api/hubs/1698.json",
			"api_id": 1698,
			"id": 22,
			"auth": "5db9a1bc0d7d55678f19fc10a01d704633cbec44e95a13b3de7483f6776a094e"
		}],
		"occupancy": {
			"a": [0.3170731707317073, 13, 43, 2],
			"all": [0.23963963963963963, 133, 580, 25],
			"b": [0.33613445378151263, 40, 128, 9],
			"undefined": [0.375, 3, 8, 0],
			"temp": [0.0, 0, 2, 0],
			"pc-2": [0.2047872340425532, 77, 387, 11],
			"ada": [0.0, 0, 12, 3]
		},
		"title": "Arena",
		"lot_name": "au-arena",
		"client_name": "auburn",
		"sunrise_time": "None",
		"min_event_stay": 120,
		"api_id": null,
		"sunset_time": "None",
		"weather_location_key": "326707",
		"weather": "",
		"entrance_coords": "32.6016677,-85.4924606",
		"indoor_flag": 0,
		"solar": null,
		"overlay_url": "https://storage.googleapis.com/fopark-lot-overlays/au-arena.png",
		"site": {
			"site_name": "au-arena",
			"title": "Arena",
			"client_name": "auburn",
			"alt_id": null,
			"client_id": 2,
			"id": 12
		},
		"hybrid_flag": 0,
		"id": 60,
		"overlay_coords_ne": "32.60314, -85.49032",
		"overlay_coords_sw": "32.60109, -85.49263"
	}, {
		"status": 1,
		"landmarks": [{
			"coords": "32.59585,-85.48587",
			"name": "bus_stop",
			"lot": "au-poultry-rear",
			"title": null,
			"url": "https://feeds.transloc.com/3/arrivals?agencies=28&stop_id=8048024",
			"api_id": 8048024,
			"id": 1,
			"auth": null
		}, {
			"coords": "32.5937466273,-85.4870116711",
			"name": "bikeshare",
			"lot": "au-poultry-rear",
			"title": "south quad",
			"url": "https://app.socialbicycles.com/api/hubs/1313.json",
			"api_id": 1313,
			"id": 4,
			"auth": "5db9a1bc0d7d55678f19fc10a01d704633cbec44e95a13b3de7483f6776a094e"
		}],
		"occupancy": {
			"all": [0.15789473684210525, 12, 76, 0],
			"c": [0.15789473684210525, 12, 76, 0]
		},
		"title": "Poultry Science Rear",
		"lot_name": "au-poultry-rear",
		"client_name": "auburn",
		"sunrise_time": "11:05:26",
		"min_event_stay": 120,
		"api_id": 2,
		"sunset_time": "00:27:32",
		"weather_location_key": "326707",
		"weather": "partly cloudy",
		"entrance_coords": "32.595049,-85.485278",
		"indoor_flag": 0,
		"solar": "tester",
		"overlay_url": "https://storage.googleapis.com/fopark-lot-overlays/poultry-rear.png",
		"site": {
			"site_name": "au-poultry-rear",
			"title": "Poultry Science",
			"client_name": "auburn",
			"alt_id": null,
			"client_id": 2,
			"id": 2
		},
		"hybrid_flag": 0,
		"id": 1,
		"overlay_coords_ne": "32.5957090128053,-85.4842924920977",
		"overlay_coords_sw": "32.5944359179616,-85.4864150228335"
	}, {
		"status": 1,
		"landmarks": [{
			"coords": "32.5961611816,-85.4978048801",
			"name": "bikeshare",
			"lot": "au-mcwhorter",
			"title": "intramural field",
			"url": "https://app.socialbicycles.com/api/hubs/1699.json",
			"api_id": 1699,
			"id": 14,
			"auth": "5db9a1bc0d7d55678f19fc10a01d704633cbec44e95a13b3de7483f6776a094e"
		}, {
			"coords": "32.59766,-85.49521",
			"name": "bus_stop",
			"lot": "au-mcwhorter",
			"title": null,
			"url": "https://feeds.transloc.com/3/arrivals?agencies=28&stop_id=8047884",
			"api_id": 8047884,
			"id": 13,
			"auth": null
		}],
		"occupancy": {
			"a": [0.0, 0, 8, 0],
			"all": [0.0875, 7, 83, 3],
			"b": [0.0, 0, 9, 0],
			"c": [0.11864406779661017, 7, 62, 3],
			"ada": [0.0, 0, 4, 0]
		},
		"title": "McWhorter Center",
		"lot_name": "au-mcwhorter",
		"client_name": "auburn",
		"sunrise_time": "11:05:29",
		"min_event_stay": 120,
		"api_id": 8,
		"sunset_time": "00:27:34",
		"weather_location_key": "326707",
		"weather": "partly cloudy",
		"entrance_coords": "32.5975416,-85.4952065",
		"indoor_flag": 0,
		"solar": null,
		"overlay_url": "https://storage.googleapis.com/fopark-lot-overlays/au-mcwhorter.png\t",
		"site": {
			"site_name": "au-mcwhorter",
			"title": "McWhorter Center",
			"client_name": "auburn",
			"alt_id": null,
			"client_id": 2,
			"id": 4
		},
		"hybrid_flag": 0,
		"id": 8,
		"overlay_coords_ne": "32.5979779904473,-85.4949013133689",
		"overlay_coords_sw": "32.5970724772583,-85.4961054392877"
	}, {
		"status": 1,
		"landmarks": [{
			"coords": "32.6012409112,-85.4923814535",
			"name": "bikeshare",
			"lot": "au-coliseum",
			"title": "fitness and wellness center hub",
			"url": "https://app.socialbicycles.com/api/hubs/1698.json",
			"api_id": 1698,
			"id": 6,
			"auth": "5db9a1bc0d7d55678f19fc10a01d704633cbec44e95a13b3de7483f6776a094e"
		}, {
			"coords": "32.59892,-85.4905",
			"name": "bus_stop",
			"lot": "au-coliseum",
			"title": null,
			"url": "https://feeds.transloc.com/3/arrivals?agencies=28&stop_id=8047584",
			"api_id": 8047584,
			"id": 5,
			"auth": null
		}],
		"occupancy": {
			"a": [0.5714285714285714, 8, 14, 0],
			"pc-1": [0.2572062084257206, 116, 451, 0],
			"all": [0.2803347280334728, 134, 478, 0],
			"b": [0.8571428571428571, 6, 7, 0],
			"ada": [0.6666666666666666, 4, 6, 0]
		},
		"title": "Beard-Eaves Colliseum",
		"lot_name": "au-coliseum",
		"client_name": "auburn",
		"sunrise_time": "11:05:28",
		"min_event_stay": 120,
		"api_id": 5,
		"sunset_time": "00:27:33",
		"weather_location_key": "326707",
		"weather": "partly cloudy",
		"entrance_coords": "32.5996379,-85.4917243",
		"indoor_flag": 0,
		"solar": null,
		"overlay_url": "https://storage.googleapis.com/fopark-lot-overlays/au-coliseum.png",
		"site": {
			"site_name": "au-coliseum",
			"title": "Beard-Eaves Colliseum",
			"client_name": "auburn",
			"alt_id": null,
			"client_id": 2,
			"id": 8
		},
		"hybrid_flag": 0,
		"id": 13,
		"overlay_coords_ne": "32.6009730896994, -85.49052204543642",
		"overlay_coords_sw": "32.5990945277293,-85.49198902147918"
	}, {
		"status": 1,
		"landmarks": [{
			"coords": "32.5903,-85.51036",
			"name": "bus_stop",
			"lot": "au-greene-hall",
			"title": "bus-stop",
			"url": "https://feeds.transloc.com/3/arrivals?agencies=28&stop_id=8047760",
			"api_id": 8047760,
			"id": 20,
			"auth": null
		}, {
			"coords": "32.5905930333,-85.5101396888",
			"name": "bikeshare",
			"lot": "au-greene-hall",
			"title": "Vet School",
			"url": "https://app.socialbicycles.com/api/hubs/1317.json",
			"api_id": 1317,
			"id": 19,
			"auth": "5db9a1bc0d7d55678f19fc10a01d704633cbec44e95a13b3de7483f6776a094e"
		}],
		"occupancy": {
			"a": [0.1206896551724138, 7, 58, 0],
			"all": [0.11455847255369929, 48, 423, 4],
			"b": [0.11363636363636363, 5, 44, 0],
			"c": [0.11182108626198083, 35, 317, 4],
			"ada": [0.25, 1, 4, 0]
		},
		"title": "Greene Hall",
		"lot_name": "au-greene-hall",
		"client_name": "auburn",
		"sunrise_time": "None",
		"min_event_stay": 120,
		"api_id": null,
		"sunset_time": "None",
		"weather_location_key": "326707",
		"weather": null,
		"entrance_coords": "32.59087,-85.50912",
		"indoor_flag": 0,
		"solar": null,
		"overlay_url": "https://storage.googleapis.com/fopark-lot-overlays/au-greene-hall.png",
		"site": {
			"site_name": "au-greene-hall",
			"title": "Greene Hall",
			"client_name": "auburn",
			"alt_id": null,
			"client_id": 2,
			"id": 9
		},
		"hybrid_flag": 0,
		"id": 54,
		"overlay_coords_ne": "32.59246,-85.50855000000001",
		"overlay_coords_sw": "32.58981,-85.51173"
	}, {
		"status": 1,
		"landmarks": [{
			"coords": "32.60473,-85.49375",
			"name": "bus_stop",
			"lot": "au-village",
			"title": null,
			"url": "https://feeds.transloc.com/3/arrivals?agencies=28&stop_id=8048048",
			"api_id": 8048048,
			"id": 11,
			"auth": null
		}, {
			"coords": "32.605779207,-85.4884305596",
			"name": "bikeshare",
			"lot": "au-village",
			"title": "lowder",
			"url": "https://app.socialbicycles.com/api/hubs/1311.json",
			"api_id": 1311,
			"id": 12,
			"auth": "5db9a1bc0d7d55678f19fc10a01d704633cbec44e95a13b3de7483f6776a094e"
		}],
		"occupancy": {
			"a": [0.2413793103448276, 7, 33, 4],
			"all": [0.15041322314049588, 91, 614, 9],
			"b": [0.20640569395017794, 58, 281, 0],
			"undefined": [0.0, 0, 1, 0],
			"pc-3": [0.0449438202247191, 12, 272, 5],
			"ada": [0.2857142857142857, 2, 7, 0],
			"resvd": [0.6, 12, 20, 0]
		},
		"title": "Magnolia/Donahue",
		"lot_name": "au-village",
		"client_name": "auburn",
		"sunrise_time": "11:05:27",
		"min_event_stay": 10,
		"api_id": 9,
		"sunset_time": "00:27:34",
		"weather_location_key": "326707",
		"weather": "partly cloudy",
		"entrance_coords": "32.6063355,-85.4905577",
		"indoor_flag": 0,
		"solar": null,
		"overlay_url": "https://storage.googleapis.com/fopark-lot-overlays/au-village.png",
		"site": {
			"site_name": "au-village",
			"title": "Magnolia/Donahue",
			"client_name": "auburn",
			"alt_id": null,
			"client_id": 2,
			"id": 5
		},
		"hybrid_flag": 0,
		"id": 9,
		"overlay_coords_ne": "32.606324,-85.490551",
		"overlay_coords_sw": "32.604884,-85.495396"
	}, {
		"status": 1,
		"landmarks": [{
			"coords": "32.605779207,-85.4884305596",
			"name": "bikeshare",
			"lot": "au-lowder",
			"title": "lowder",
			"url": "https://app.socialbicycles.com/api/hubs/1311.json",
			"api_id": 1311,
			"id": 8,
			"auth": "5db9a1bc0d7d55678f19fc10a01d704633cbec44e95a13b3de7483f6776a094e"
		}, {
			"coords": "32.6051,-85.49057",
			"name": "bus_stop",
			"lot": "au-lowder",
			"title": null,
			"url": "https://feeds.transloc.com/3/arrivals?agencies=28&stop_id=8047860",
			"api_id": 8047860,
			"id": 7,
			"auth": null
		}],
		"occupancy": {
			"a": [0.17708333333333334, 17, 96, 0],
			"resvd": [0.0, 0, 3, 0],
			"all": [0.136, 17, 127, 2],
			"undefined": [0.0, 0, 3, 0],
			"ada": [0.0, 0, 25, 2]
		},
		"title": "Lowder Business School",
		"lot_name": "au-lowder",
		"client_name": "auburn",
		"sunrise_time": "11:05:27",
		"min_event_stay": 120,
		"api_id": 7,
		"sunset_time": "00:27:33",
		"weather_location_key": "326707",
		"weather": "partly cloudy",
		"entrance_coords": "32.6048673,-85.4893587",
		"indoor_flag": 0,
		"solar": null,
		"overlay_url": "https://storage.googleapis.com/fopark-lot-overlays/au-lowder.png",
		"site": {
			"site_name": "au-lowder",
			"title": "Lowder Business School",
			"client_name": "auburn",
			"alt_id": null,
			"client_id": 2,
			"id": 6
		},
		"hybrid_flag": 0,
		"id": 10,
		"overlay_coords_ne": "32.6059788982184,-85.4884638424902",
		"overlay_coords_sw": "32.6048994061637,-85.4899258888674"
	}, {
		"status": 1,
		"landmarks": [{
			"coords": "32.60384833333333,-85.50007833333333",
			"name": "bikeshare",
			"lot": "au-west1",
			"title": "West 1 Lot Bike Share",
			"url": "https://app.socialbicycles.com/api/hubs/1316.json",
			"api_id": 1316,
			"id": 23,
			"auth": "5db9a1bc0d7d55678f19fc10a01d704633cbec44e95a13b3de7483f6776a094e"
		}, {
			"coords": "32.6041,-85.5019",
			"name": "bus_stop",
			"lot": "au-west1",
			"title": "West 1 Bus Stop",
			"url": "https://feeds.transloc.com/3/arrivals?agencies=28&stop_id=8048092",
			"api_id": 8048092,
			"id": 25,
			"auth": ""
		}],
		"occupancy": {
			"c": [0.7192691029900332, 433, 613, 11],
			"all": [0.719672131147541, 439, 621, 11],
			"undefined": [1.0, 2, 2, 0],
			"ada": [0.6666666666666666, 4, 6, 0]
		},
		"title": "West 1",
		"lot_name": "au-west1",
		"client_name": "auburn",
		"sunrise_time": "None",
		"min_event_stay": 120,
		"api_id": null,
		"sunset_time": "None",
		"weather_location_key": "326707",
		"weather": null,
		"entrance_coords": "32.6040334,-85.5024717",
		"indoor_flag": 0,
		"solar": null,
		"overlay_url": "https://storage.googleapis.com/fopark-lot-overlays/au-west-1.png",
		"site": {
			"site_name": "au-west2",
			"title": "West Lots",
			"client_name": "auburn",
			"alt_id": null,
			"client_id": 2,
			"id": 10
		},
		"hybrid_flag": 0,
		"id": 59,
		"overlay_coords_ne": "32.60587, -85.49914",
		"overlay_coords_sw": "32.60183, -85.50303"
	}, {
		"status": 1,
		"landmarks": [{
			"coords": "32.60384833333333,-85.50007833333333",
			"name": "bikeshare",
			"lot": "au-west2",
			"title": "West 2 Lot Bike Share",
			"url": "https://app.socialbicycles.com/api/hubs/1316.json",
			"api_id": 1316,
			"id": 24,
			"auth": "5db9a1bc0d7d55678f19fc10a01d704633cbec44e95a13b3de7483f6776a094e"
		}, {
			"coords": "32.6041,-85.5019",
			"name": "bus_stop",
			"lot": "au-west2",
			"title": "West 2 Bus Stop",
			"url": "https://feeds.transloc.com/3/arrivals?agencies=28&stop_id=8048092",
			"api_id": 8048092,
			"id": 26,
			"auth": ""
		}],
		"occupancy": {
			"resvd": [0.3333333333333333, 5, 15, 0],
			"all": [0.6614173228346457, 504, 854, 92],
			"c": [0.6689098250336474, 497, 835, 92],
			"ada": [0.5, 2, 4, 0]
		},
		"title": "West 2",
		"lot_name": "au-west2",
		"client_name": "auburn",
		"sunrise_time": "None",
		"min_event_stay": 120,
		"api_id": null,
		"sunset_time": "None",
		"weather_location_key": "326707",
		"weather": null,
		"entrance_coords": "32.6038786,-85.5008506",
		"indoor_flag": 0,
		"solar": null,
		"overlay_url": "https://storage.googleapis.com/fopark-lot-overlays/au-west-1.png",
		"site": {
			"site_name": "au-west2",
			"title": "West Lots",
			"client_name": "auburn",
			"alt_id": null,
			"client_id": 2,
			"id": 10
		},
		"hybrid_flag": 0,
		"id": 58,
		"overlay_coords_ne": "32.60587, -85.49914",
		"overlay_coords_sw": "32.60183, -85.50303"
	}, {
		"status": 0,
		"landmarks": [],
		"occupancy": {
			"all": [null, 0, 0, 0]
		},
		"title": "Stadium Garage Lvl-1",
		"lot_name": "au-stdm-grg-lvl1",
		"client_name": "auburn",
		"sunrise_time": "None",
		"min_event_stay": 120,
		"api_id": null,
		"sunset_time": "None",
		"weather_location_key": null,
		"weather": null,
		"entrance_coords": "32.60063,-85.48935",
		"indoor_flag": 0,
		"solar": null,
		"overlay_url": null,
		"site": {
			"site_name": "au-stdm-grg",
			"title": "Stadium Garage",
			"client_name": "auburn",
			"alt_id": 481,
			"client_id": 2,
			"id": 13
		},
		"hybrid_flag": 1,
		"id": 70,
		"overlay_coords_ne": "32.60102280108074,-85.48803563767962",
		"overlay_coords_sw": "32.60026954127466,-85.48934972780853"
	}, {
		"status": 0,
		"landmarks": [],
		"occupancy": {
			"all": [null, 0, 0, 0]
		},
		"title": "Stadium Garage Lvl-3",
		"lot_name": "au-stdm-grg-lvl3",
		"client_name": "auburn",
		"sunrise_time": "None",
		"min_event_stay": 120,
		"api_id": null,
		"sunset_time": "None",
		"weather_location_key": null,
		"weather": null,
		"entrance_coords": "32.60063,-85.48935",
		"indoor_flag": 0,
		"solar": null,
		"overlay_url": null,
		"site": {
			"site_name": "au-stdm-grg",
			"title": "Stadium Garage",
			"client_name": "auburn",
			"alt_id": 481,
			"client_id": 2,
			"id": 13
		},
		"hybrid_flag": 1,
		"id": 72,
		"overlay_coords_ne": "32.60102280108074,-85.48803563767962",
		"overlay_coords_sw": "32.60026954127466,-85.48934972780853"
	}, {
		"status": 1,
		"landmarks": [],
		"occupancy": {
			"vis": [0.1724137931034483, 5, 29, 0],
			"all": [0.035897435897435895, 7, 195, 0],
			"b": [0.006097560975609756, 1, 164, 0],
			"ada": [0.5, 1, 2, 0]
		},
		"title": "Stadium Garage Lvl-4",
		"lot_name": "au-stdm-grg-lvl4",
		"client_name": "auburn",
		"sunrise_time": "None",
		"min_event_stay": 120,
		"api_id": null,
		"sunset_time": "None",
		"weather_location_key": "326707",
		"weather": null,
		"entrance_coords": "32.60063,-85.48935",
		"indoor_flag": 0,
		"solar": null,
		"overlay_url": "https://storage.googleapis.com/fopark-lot-overlays/au-stadium-lvl4.png",
		"site": {
			"site_name": "au-stdm-grg",
			"title": "Stadium Garage",
			"client_name": "auburn",
			"alt_id": 481,
			"client_id": 2,
			"id": 13
		},
		"hybrid_flag": 0,
		"id": 67,
		"overlay_coords_ne": "32.60102280108074,-85.48803563767962",
		"overlay_coords_sw": "32.60026954127466,-85.48934972780853"
	}, {
		"status": 0,
		"landmarks": [],
		"occupancy": {
			"all": [null, 0, 0, 0]
		},
		"title": "Stadium Garage Lvl-2",
		"lot_name": "au-stdm-grg-lvl2",
		"client_name": "auburn",
		"sunrise_time": "None",
		"min_event_stay": 120,
		"api_id": null,
		"sunset_time": "None",
		"weather_location_key": null,
		"weather": null,
		"entrance_coords": "32.60063,-85.48935",
		"indoor_flag": 0,
		"solar": null,
		"overlay_url": null,
		"site": {
			"site_name": "au-stdm-grg",
			"title": "Stadium Garage",
			"client_name": "auburn",
			"alt_id": 481,
			"client_id": 2,
			"id": 13
		},
		"hybrid_flag": 1,
		"id": 71,
		"overlay_coords_ne": "32.60102280108074,-85.48803563767962",
		"overlay_coords_sw": "32.60026954127466,-85.48934972780853"
	}],
	"client_name": "auburn",
	"map_bounds_ne": "32.60833,-85.48072",
	"integration_name": null,
	"id": 2,
	"email": null
}