{
  "1":{
      "name":"Abkhaz",
      "nativeName":"аҧсуа",
      "code": "ab",
      "id": 1
  },
  "2":{
      "name":"Afar",
      "nativeName":"Afaraf",
      "code": "aa",
      "id": 2
  },
  "3":{
      "name":"Afrikaans",
      "nativeName":"Afrikaans",
      "code": "af",
      "id": 3
  },
  "4":{
      "name":"Akan",
      "nativeName":"Akan",
      "code": "ak",
      "id": 4
  },
  "5":{
      "name":"Albanian",
      "nativeName":"Shqip",
      "code": "sq",
      "id": 5
  },
  "6":{
      "name":"Amharic",
      "nativeName":"አማርኛ",
      "code": "am",
      "id": 6
  },
  "7":{
      "name":"Arabic",
      "nativeName":"العربية",
      "code": "ar",
      "id": 7
  },
  "8":{
      "name":"Aragonese",
      "nativeName":"Aragonés",
      "code": "an",
      "id": 8
  },
  "9":{
      "name":"Armenian",
      "nativeName":"Հայերեն",
      "code": "hy",
      "id": 9
  },
  "10":{
      "name":"Assamese",
      "nativeName":"অসমীয়া",
      "code": "as",
      "id": 10
  },
  "11":{
      "name":"Avaric",
      "nativeName":"авар мацӀ, магӀарул мацӀ",
      "code": "av",
      "id": 11
  },
  "12":{
      "name":"Avestan",
      "nativeName":"avesta",
      "code": "ae",
      "id": 12
  },
  "13":{
      "name":"Aymara",
      "nativeName":"aymar aru",
      "code": "ay",
      "id": 13
  },
  "14":{
      "name":"Azerbaijani",
      "nativeName":"azərbaycan dili",
      "code": "az",
      "id": 14
  },
  "15":{
      "name":"Bambara",
      "nativeName":"bamanankan",
      "code": "bm",
      "id": 15
  },
  "16":{
      "name":"Bashkir",
      "nativeName":"башҡорт теле",
      "code": "ba",
      "id": 16
  },
  "17":{
      "name":"Basque",
      "nativeName":"euskara, euskera",
      "code": "eu",
      "id": 17
  },
  "18":{
      "name":"Belarusian",
      "nativeName":"Беларуская",
      "code": "be",
      "id": 18
  },
  "19":{
      "name":"Bengali",
      "nativeName":"বাংলা",
      "code": "bn",
      "id": 19
  },
  "20":{
      "name":"Bihari",
      "nativeName":"भोजपुरी",
      "code": "bh",
      "id": 20
  },
  "21":{
      "name":"Bislama",
      "nativeName":"Bislama",
      "code": "bi",
      "id": 21
  },
  "22":{
      "name":"Bosnian",
      "nativeName":"bosanski jezik",
      "code": "bs",
      "id": 22
  },
  "23":{
      "name":"Breton",
      "nativeName":"brezhoneg",
      "code": "br",
      "id": 23
  },
  "24":{
      "name":"Bulgarian",
      "nativeName":"български език",
      "code": "bg",
      "id": 24
  },
  "25":{
      "name":"Burmese",
      "nativeName":"ဗမာစာ",
      "code": "my",
      "id": 25
  },
  "26":{
      "name":"Catalan; Valencian",
      "nativeName":"Català",
      "code": "ca",
      "id": 26
  },
  "27":{
      "name":"Chamorro",
      "nativeName":"Chamoru",
      "code": "ch",
      "id": 27
  },
  "28":{
      "name":"Chechen",
      "nativeName":"нохчийн мотт",
      "code": "ce",
      "id": 28
  },
  "29":{
      "name":"Chichewa; Chewa; Nyanja",
      "nativeName":"chiCheŵa, chinyanja",
      "code": "ny",
      "id": 29
  },
  "30":{
      "name":"Chinese",
      "nativeName":"中文 (Zhōngwén), 汉语, 漢語",
      "code": "zh",
      "id": 30
  },
  "31":{
      "name":"Chuvash",
      "nativeName":"чӑваш чӗлхи",
      "code": "cv",
      "id": 31
  },
  "32":{
      "name":"Cornish",
      "nativeName":"Kernewek",
      "code": "kw",
      "id": 32
  },
  "33":{
      "name":"Corsican",
      "nativeName":"corsu, lingua corsa",
      "code": "co",
      "id": 33
  },
  "34":{
      "name":"Cree",
      "nativeName":"ᓀᐦᐃᔭᐍᐏᐣ",
      "code": "cr",
      "id": 34
  },
  "35":{
      "name":"Croatian",
      "nativeName":"hrvatski",
      "code": "hr",
      "id": 35
  },
  "36":{
      "name":"Czech",
      "nativeName":"česky, čeština",
      "code": "cs",
      "id": 36
  },
  "37":{
      "name":"Danish",
      "nativeName":"dansk",
      "code": "da",
      "id": 37
  },
  "38":{
      "name":"Divehi; Dhivehi; Maldivian;",
      "nativeName":"ދިވެހި",
      "code": "dv",
      "id": 38
  },
  "39":{
      "name":"Dutch",
      "nativeName":"Nederlands, Vlaams",
      "code": "nl",
      "id": 39
  },
  "40":{
      "name":"English",
      "nativeName":"English",
      "code": "en",
      "id": 40
  },
  "41":{
      "name":"Esperanto",
      "nativeName":"Esperanto",
      "code": "eo",
      "id": 41
  },
  "42":{
      "name":"Estonian",
      "nativeName":"eesti, eesti keel",
      "code": "et",
      "id": 42
  },
  "43":{
      "name":"Ewe",
      "nativeName":"Eʋegbe",
      "code": "ee",
      "id": 43
  },
  "44":{
      "name":"Faroese",
      "nativeName":"føroyskt",
      "code": "fo",
      "id": 44
  },
  "45":{
      "name":"Fijian",
      "nativeName":"vosa Vakaviti",
      "code": "fj",
      "id": 45
  },
  "46":{
      "name":"Finnish",
      "nativeName":"suomi, suomen kieli",
      "code": "fi",
      "id": 46
  },
  "47":{
      "name":"French",
      "nativeName":"français, langue française",
      "code": "fr",
      "id": 47
  },
  "48":{
      "name":"Fula; Fulah; Pulaar; Pular",
      "nativeName":"Fulfulde, Pulaar, Pular",
      "code": "ff",
      "id": 48
  },
  "49":{
      "name":"Galician",
      "nativeName":"Galego",
      "code": "gl",
      "id": 49
  },
  "50":{
      "name":"Georgian",
      "nativeName":"ქართული",
      "code": "ka",
      "id": 50
  },
  "51":{
      "name":"German",
      "nativeName":"Deutsch",
      "code": "de",
      "id": 51
  },
  "52":{
      "name":"Greek, Modern",
      "nativeName":"Ελληνικά",
      "code": "el",
      "id": 52
  },
  "53":{
      "name":"Guaraní",
      "nativeName":"Avañeẽ",
      "code": "gn",
      "id": 53
  },
  "54":{
      "name":"Gujarati",
      "nativeName":"ગુજરાતી",
      "code": "gu",
      "id": 54
  },
  "55":{
      "name":"Haitian; Haitian Creole",
      "nativeName":"Kreyòl ayisyen",
      "code": "ht",
      "id": 55
  },
  "56":{
      "name":"Hausa",
      "nativeName":"Hausa, هَوُسَ",
      "code": "ha",
      "id": 56
  },
  "57":{
      "name":"Hebrew (modern)",
      "nativeName":"עברית",
      "code": "he",
      "id": 57
  },
  "58":{
      "name":"Herero",
      "nativeName":"Otjiherero",
      "code": "hz",
      "id": 58
  },
  "59":{
      "name":"Hindi",
      "nativeName":"हिन्दी, हिंदी",
      "code": "hi",
      "id": 59
  },
  "60":{
      "name":"Hiri Motu",
      "nativeName":"Hiri Motu",
      "code": "ho",
      "id": 60
  },
  "61":{
      "name":"Hungarian",
      "nativeName":"Magyar",
      "code": "hu",
      "id": 61
  },
  "62":{
      "name":"Interlingua",
      "nativeName":"Interlingua",
      "code": "ia",
      "id": 62
  },
  "63":{
      "name":"Indonesian",
      "nativeName":"Bahasa Indonesia",
      "code": "id",
      "id": 63
  },
  "64":{
      "name":"Interlingue",
      "nativeName":"Originally called Occidental; then Interlingue after WWII",
      "code": "ie",
      "id": 64
  },
  "65":{
      "name":"Irish",
      "nativeName":"Gaeilge",
      "code": "ga",
      "id": 65
  },
  "66":{
      "name":"Igbo",
      "nativeName":"Asụsụ Igbo",
      "code": "ig",
      "id": 66
  },
  "67":{
      "name":"Inupiaq",
      "nativeName":"Iñupiaq, Iñupiatun",
      "code": "ik",
      "id": 67
  },
  "68":{
      "name":"Ido",
      "nativeName":"Ido",
      "code": "io",
      "id": 68
  },
  "69":{
      "name":"Icelandic",
      "nativeName":"Íslenska",
      "code": "is",
      "id": 69
  },
  "70":{
      "name":"Italian",
      "nativeName":"Italiano",
      "code": "it",
      "id": 70
  },
  "71":{
      "name":"Inuktitut",
      "nativeName":"ᐃᓄᒃᑎᑐᑦ",
      "code": "iu",
      "id": 71
  },
  "72":{
      "name":"Japanese",
      "nativeName":"日本語 (にほんご／にっぽんご)",
      "code": "ja",
      "id": 72
  },
  "73":{
      "name":"Javanese",
      "nativeName":"basa Jawa",
      "code": "jv",
      "id": 73
  },
  "74":{
      "name":"Kalaallisut, Greenlandic",
      "nativeName":"kalaallisut, kalaallit oqaasii",
      "code": "kl",
      "id": 74
  },
  "75":{
      "name":"Kannada",
      "nativeName":"ಕನ್ನಡ",
      "code": "kn",
      "id": 75
  },
  "76":{
      "name":"Kanuri",
      "nativeName":"Kanuri",
      "code": "kr",
      "id": 76
  },
  "77":{
      "name":"Kashmiri",
      "nativeName":"कश्मीरी, كشميري‎",
      "code": "ks",
      "id": 77
  },
  "78":{
      "name":"Kazakh",
      "nativeName":"Қазақ тілі",
      "code": "kk",
      "id": 78
  },
  "79":{
      "name":"Khmer",
      "nativeName":"ភាសាខ្មែរ",
      "code": "km",
      "id": 79
  },
  "80":{
      "name":"Kikuyu, Gikuyu",
      "nativeName":"Gĩkũyũ",
      "code": "ki",
      "id": 80
  },
  "81":{
      "name":"Kinyarwanda",
      "nativeName":"Ikinyarwanda",
      "code": "rw",
      "id": 81
  },
  "82":{
      "name":"Kirghiz, Kyrgyz",
      "nativeName":"кыргыз тили",
      "code": "ky",
      "id": 82
  },
  "83":{
      "name":"Komi",
      "nativeName":"коми кыв",
      "code": "kv",
      "id": 83
  },
  "84":{
      "name":"Kongo",
      "nativeName":"KiKongo",
      "code": "kg",
      "id": 84
  },
  "85":{
      "name":"Korean",
      "nativeName":"한국어 (韓國語), 조선말 (朝鮮語)",
      "code": "ko",
      "id": 85
  },
  "86":{
      "name":"Kurdish",
      "nativeName":"Kurdî, كوردی‎",
      "code": "ku",
      "id": 86
  },
  "87":{
      "name":"Kwanyama, Kuanyama",
      "nativeName":"Kuanyama",
      "code": "kj",
      "id": 87
  },
  "88":{
      "name":"Latin",
      "nativeName":"latine, lingua latina",
      "code": "la",
      "id": 88
  },
  "89":{
      "name":"Luxembourgish, Letzeburgesch",
      "nativeName":"Lëtzebuergesch",
      "code": "lb",
      "id": 89
  },
  "90":{
      "name":"Luganda",
      "nativeName":"Luganda",
      "code": "lg",
      "id": 90
  },
  "91":{
      "name":"Limburgish, Limburgan, Limburger",
      "nativeName":"Limburgs",
      "code": "li",
      "id": 91
  },
  "92":{
      "name":"Lingala",
      "nativeName":"Lingála",
      "code": "ln",
      "id": 92
  },
  "93":{
      "name":"Lao",
      "nativeName":"ພາສາລາວ",
      "code": "lo",
      "id": 93
  },
  "94":{
      "name":"Lithuanian",
      "nativeName":"lietuvių kalba",
      "code": "lt",
      "id": 94
  },
  "95":{
      "name":"Luba-Katanga",
      "nativeName":"",
      "code": "lu",
      "id": 95
  },
  "96":{
      "name":"Latvian",
      "nativeName":"latviešu valoda",
      "code": "lv",
      "id": 96
  },
  "97":{
      "name":"Manx",
      "nativeName":"Gaelg, Gailck",
      "code": "gv",
      "id": 97
  },
  "98":{
      "name":"Macedonian",
      "nativeName":"македонски јазик",
      "code": "mk",
      "id": 98
  },
  "99":{
      "name":"Malagasy",
      "nativeName":"Malagasy fiteny",
      "code": "mg",
      "id": 99
  },
  "100":{
      "name":"Malay",
      "nativeName":"bahasa Melayu, بهاس ملايو‎",
      "code": "ms",
      "id": 100
  },
  "101":{
      "name":"Malayalam",
      "nativeName":"മലയാളം",
      "code": "ml",
      "id": 101
  },
  "102":{
      "name":"Maltese",
      "nativeName":"Malti",
      "code": "mt",
      "id": 102
  },
  "103":{
      "name":"Māori",
      "nativeName":"te reo Māori",
      "code": "mi",
      "id": 103
  },
  "104":{
      "name":"Marathi (Marāṭhī)",
      "nativeName":"मराठी",
      "code": "mr",
      "id": 104
  },
  "105":{
      "name":"Marshallese",
      "nativeName":"Kajin M̧ajeļ",
      "code": "mh",
      "id": 105
  },
  "106":{
      "name":"Mongolian",
      "nativeName":"монгол",
      "code": "mn",
      "id": 106
  },
  "107":{
      "name":"Nauru",
      "nativeName":"Ekakairũ Naoero",
      "code": "na",
      "id": 107
  },
  "108":{
      "name":"Navajo, Navaho",
      "nativeName":"Diné bizaad, Dinékʼehǰí",
      "code": "nv",
      "id": 108
  },
  "109":{
      "name":"Norwegian Bokmål",
      "nativeName":"Norsk bokmål",
      "code": "nb",
      "id": 109
  },
  "110":{
      "name":"North Ndebele",
      "nativeName":"isiNdebele",
      "code": "nd",
      "id": 110
  },
  "111":{
      "name":"Nepali",
      "nativeName":"नेपाली",
      "code": "ne",
      "id": 111
  },
  "112":{
      "name":"Ndonga",
      "nativeName":"Owambo",
      "code": "ng",
      "id": 112
  },
  "113":{
      "name":"Norwegian Nynorsk",
      "nativeName":"Norsk nynorsk",
      "code": "nn",
      "id": 113
  },
  "114":{
      "name":"Norwegian",
      "nativeName":"Norsk",
      "code": "no",
      "id": 114
  },
  "115":{
      "name":"Nuosu",
      "nativeName":"ꆈꌠ꒿ Nuosuhxop",
      "code": "ii",
      "id": 115
  },
  "116":{
      "name":"South Ndebele",
      "nativeName":"isiNdebele",
      "code": "nr",
      "id": 116
  },
  "117":{
      "name":"Occitan",
      "nativeName":"Occitan",
      "code": "oc",
      "id": 117
  },
  "118":{
      "name":"Ojibwe, Ojibwa",
      "nativeName":"ᐊᓂᔑᓈᐯᒧᐎᓐ",
      "code": "oj",
      "id": 118
  },
  "119":{
      "name":"Old Church Slavonic, Church Slavic, Church Slavonic, Old Bulgarian, Old Slavonic",
      "nativeName":"ѩзыкъ словѣньскъ",
      "code": "cu",
      "id": 119
  },
  "120":{
      "name":"Oromo",
      "nativeName":"Afaan Oromoo",
      "code": "om",
      "id": 120
  },
  "121":{
      "name":"Oriya",
      "nativeName":"ଓଡ଼ିଆ",
      "code": "or",
      "id": 121
  },
  "122":{
      "name":"Ossetian, Ossetic",
      "nativeName":"ирон æвзаг",
      "code": "os",
      "id": 122
  },
  "123":{
      "name":"Panjabi, Punjabi",
      "nativeName":"ਪੰਜਾਬੀ, پنجابی‎",
      "code": "pa",
      "id": 123
  },
  "124":{
      "name":"Pāli",
      "nativeName":"पाऴि",
      "code": "pi",
      "id": 124
  },
  "125":{
      "name":"Persian",
      "nativeName":"فارسی",
      "code": "fa",
      "id": 125
  },
  "126":{
      "name":"Polish",
      "nativeName":"polski",
      "code": "pl",
      "id": 126
  },
  "127":{
      "name":"Pashto, Pushto",
      "nativeName":"پښتو",
      "code": "ps",
      "id": 127
  },
  "128":{
      "name":"Portuguese",
      "nativeName":"Português",
      "code": "pt",
      "id": 128
  },
  "129":{
      "name":"Quechua",
      "nativeName":"Runa Simi, Kichwa",
      "code": "qu",
      "id": 129
  },
  "130":{
      "name":"Romansh",
      "nativeName":"rumantsch grischun",
      "code": "rm",
      "id": 130
  },
  "131":{
      "name":"Kirundi",
      "nativeName":"kiRundi",
      "code": "rn",
      "id": 131
  },
  "132":{
      "name":"Romanian, Moldavian, Moldovan",
      "nativeName":"română",
      "code": "ro",
      "id": 132
  },
  "133":{
      "name":"Russian",
      "nativeName":"русский язык",
      "code": "ru",
      "id": 133
  },
  "134":{
      "name":"Sanskrit (Saṁskṛta)",
      "nativeName":"संस्कृतम्",
      "code": "sa",
      "id": 134
  },
  "135":{
      "name":"Sardinian",
      "nativeName":"sardu",
      "code": "sc",
      "id": 135
  },
  "136":{
      "name":"Sindhi",
      "nativeName":"सिन्धी, سنڌي، سندھی‎",
      "code": "sd",
      "id": 136
  },
  "137":{
      "name":"Northern Sami",
      "nativeName":"Davvisámegiella",
      "code": "se",
      "id": 137
  },
  "138":{
      "name":"Samoan",
      "nativeName":"gagana faa Samoa",
      "code": "sm",
      "id": 138
  },
  "139":{
      "name":"Sango",
      "nativeName":"yângâ tî sängö",
      "code": "sg",
      "id": 139
  },
  "140":{
      "name":"Serbian",
      "nativeName":"српски језик",
      "code": "sr",
      "id": 140
  },
  "141":{
      "name":"Scottish Gaelic; Gaelic",
      "nativeName":"Gàidhlig",
      "code": "gd",
      "id": 141
  },
  "142":{
      "name":"Shona",
      "nativeName":"chiShona",
      "code": "sn",
      "id": 142
  },
  "143":{
      "name":"Sinhala, Sinhalese",
      "nativeName":"සිංහල",
      "code": "si",
      "id": 143
  },
  "144":{
      "name":"Slovak",
      "nativeName":"slovenčina",
      "code": "sk",
      "id": 144
  },
  "145":{
      "name":"Slovene",
      "nativeName":"slovenščina",
      "code": "sl",
      "id": 145
  },
  "146":{
      "name":"Somali",
      "nativeName":"Soomaaliga, af Soomaali",
      "code": "so",
      "id": 146
  },
  "147":{
      "name":"Southern Sotho",
      "nativeName":"Sesotho",
      "code": "st",
      "id": 147
  },
  "148":{
      "name":"Spanish; Castilian",
      "nativeName":"español, castellano",
      "code": "es",
      "id": 148
  },
  "149":{
      "name":"Sundanese",
      "nativeName":"Basa Sunda",
      "code": "su",
      "id": 149
  },
  "150":{
      "name":"Swahili",
      "nativeName":"Kiswahili",
      "code": "sw",
      "id": 150
  },
  "151":{
      "name":"Swati",
      "nativeName":"SiSwati",
      "code": "ss",
      "id": 151
  },
  "152":{
      "name":"Swedish",
      "nativeName":"svenska",
      "code": "sv",
      "id": 152
  },
  "153":{
      "name":"Tamil",
      "nativeName":"தமிழ்",
      "code": "ta",
      "id": 153
  },
  "154":{
      "name":"Telugu",
      "nativeName":"తెలుగు",
      "code": "te",
      "id": 154
  },
  "155":{
      "name":"Tajik",
      "nativeName":"тоҷикӣ, toğikī, تاجیکی‎",
      "code": "tg",
      "id": 155
  },
  "156":{
      "name":"Thai",
      "nativeName":"ไทย",
      "code": "th",
      "id": 156
  },
  "157":{
      "name":"Tigrinya",
      "nativeName":"ትግርኛ",
      "code": "ti",
      "id": 157
  },
  "158":{
      "name":"Tibetan Standard, Tibetan, Central",
      "nativeName":"བོད་ཡིག",
      "code": "bo",
      "id": 158
  },
  "159":{
      "name":"Turkmen",
      "nativeName":"Türkmen, Түркмен",
      "code": "tk",
      "id": 159
  },
  "160":{
      "name":"Tagalog",
      "nativeName":"Wikang Tagalog, ᜏᜒᜃᜅ᜔ ᜆᜄᜎᜓᜄ᜔",
      "code": "tl",
      "id": 160
  },
  "161":{
      "name":"Tswana",
      "nativeName":"Setswana",
      "code": "tn",
      "id": 161
  },
  "162":{
      "name":"Tonga (Tonga Islands)",
      "nativeName":"faka Tonga",
      "code": "to",
      "id": 162
  },
  "163":{
      "name":"Turkish",
      "nativeName":"Türkçe",
      "code": "tr",
      "id": 163
  },
  "164":{
      "name":"Tsonga",
      "nativeName":"Xitsonga",
      "code": "ts",
      "id": 164
  },
  "165":{
      "name":"Tatar",
      "nativeName":"татарча, tatarça, تاتارچا‎",
      "code": "tt",
      "id": 165
  },
  "166":{
      "name":"Twi",
      "nativeName":"Twi",
      "code": "tw",
      "id": 166
  },
  "167":{
      "name":"Tahitian",
      "nativeName":"Reo Tahiti",
      "code": "ty",
      "id": 167
  },
  "168":{
      "name":"Uighur, Uyghur",
      "nativeName":"Uyƣurqə, ئۇيغۇرچە‎",
      "code": "ug",
      "id": 168
  },
  "169":{
      "name":"Ukrainian",
      "nativeName":"українська",
      "code": "uk",
      "id": 169
  },
  "170":{
      "name":"Urdu",
      "nativeName":"اردو",
      "code": "ur",
      "id": 170
  },
  "171":{
      "name":"Uzbek",
      "nativeName":"zbek, Ўзбек, أۇزبېك‎",
      "code": "uz",
      "id": 171
  },
  "172":{
      "name":"Venda",
      "nativeName":"Tshivenḓa",
      "code": "ve",
      "id": 172
  },
  "173":{
      "name":"Vietnamese",
      "nativeName":"Tiếng Việt",
      "code": "vi",
      "id": 173
  },
  "174":{
      "name":"Volapük",
      "nativeName":"Volapük",
      "code": "vo",
      "id": 174
  },
  "175":{
      "name":"Walloon",
      "nativeName":"Walon",
      "code": "wa",
      "id": 175
  },
  "176":{
      "name":"Welsh",
      "nativeName":"Cymraeg",
      "code": "cy",
      "id": 176
  },
  "177":{
      "name":"Wolof",
      "nativeName":"Wollof",
      "code": "wo",
      "id": 177
  },
  "178":{
      "name":"Western Frisian",
      "nativeName":"Frysk",
      "code": "fy",
      "id": 178
  },
  "179":{
      "name":"Xhosa",
      "nativeName":"isiXhosa",
      "code": "xh",
      "id": 179
  },
  "180":{
      "name":"Yiddish",
      "nativeName":"ייִדיש",
      "code": "yi",
      "id": 180
  },
  "181":{
      "name":"Yoruba",
      "nativeName":"Yorùbá",
      "code": "yo",
      "id": 181
  },
  "182":{
      "name":"Zhuang, Chuang",
      "nativeName":"Saɯ cueŋƅ, Saw cuengh",
      "code": "za",
      "id": 182
  }
}